{"Mean":{"confidence_interval":{"confidence_level":0.95,"lower_bound":6112647.04486976,"upper_bound":6259390.498629678},"point_estimate":6179287.660301676,"standard_error":37666.142124704566},"Median":{"confidence_interval":{"confidence_level":0.95,"lower_bound":6035743.835616439,"upper_bound":6111318.562152134},"point_estimate":6076518.796394486,"standard_error":18808.104150592306},"MedianAbsDev":{"confidence_interval":{"confidence_level":0.95,"lower_bound":117381.96408738598,"upper_bound":229423.37384358663},"point_estimate":163341.02337769093,"standard_error":28967.90334461422},"Slope":{"confidence_interval":{"confidence_level":0.95,"lower_bound":6104858.9471683055,"upper_bound":6215125.084113975},"point_estimate":6153453.953893897,"standard_error":28253.938004551288},"StdDev":{"confidence_interval":{"confidence_level":0.95,"lower_bound":212207.1888405189,"upper_bound":547059.2762823768},"point_estimate":380019.48387977126,"standard_error":90664.42127418377}}