{"Mean":{"confidence_interval":{"confidence_level":0.95,"lower_bound":993156.2698289034,"upper_bound":1011019.9777461233},"point_estimate":1001213.6042775229,"standard_error":4568.521324740969},"Median":{"confidence_interval":{"confidence_level":0.95,"lower_bound":984094.9130434783,"upper_bound":997608.947368421},"point_estimate":988510.8692493946,"standard_error":3300.7020976974413},"MedianAbsDev":{"confidence_interval":{"confidence_level":0.95,"lower_bound":16807.06048980214,"upper_bound":28505.552348300233},"point_estimate":21202.602895921787,"standard_error":3020.051358428435},"Slope":{"confidence_interval":{"confidence_level":0.95,"lower_bound":989325.1071447097,"upper_bound":1017329.5679935071},"point_estimate":1001398.1967105069,"standard_error":7264.364307264216},"StdDev":{"confidence_interval":{"confidence_level":0.95,"lower_bound":25566.897506297955,"upper_bound":64897.951118771154},"point_estimate":45814.42194457737,"standard_error":10299.701910772814}}