{"Mean":{"confidence_interval":{"confidence_level":0.95,"lower_bound":2031841.964637909,"upper_bound":2070377.3201313713},"point_estimate":2048467.212574411,"standard_error":9960.65032851602},"Median":{"confidence_interval":{"confidence_level":0.95,"lower_bound":2011712.68,"upper_bound":2026470.7826086956},"point_estimate":2017492.9518917156,"standard_error":3875.5740879854093},"MedianAbsDev":{"confidence_interval":{"confidence_level":0.95,"lower_bound":13255.80427353773,"upper_bound":31067.278479357068},"point_estimate":19984.13973053892,"standard_error":4402.134959317335},"Slope":{"confidence_interval":{"confidence_level":0.95,"lower_bound":2039396.8369200565,"upper_bound":2126298.4826295567},"point_estimate":2075985.7464371214,"standard_error":22735.808468956093},"StdDev":{"confidence_interval":{"confidence_level":0.95,"lower_bound":43443.964624369706,"upper_bound":154108.28554605256},"point_estimate":100252.7686483068,"standard_error":32007.725934765986}}