{"Mean":{"confidence_interval":{"confidence_level":0.95,"lower_bound":-0.9963893571319087,"upper_bound":-0.9963567487864042},"point_estimate":-0.996373732845743,"standard_error":8.20066067199574e-6},"Median":{"confidence_interval":{"confidence_level":0.95,"lower_bound":-0.9963868725880377,"upper_bound":-0.9963667959951431},"point_estimate":-0.9963765842248286,"standard_error":5.06202383675579e-6}}