{"Mean":{"confidence_interval":{"confidence_level":0.95,"lower_bound":203112.92666927518,"upper_bound":211198.50900048073},"point_estimate":207063.3089091834,"standard_error":2070.4758606218124},"Median":{"confidence_interval":{"confidence_level":0.95,"lower_bound":199623.9024390244,"upper_bound":208541.6046966732},"point_estimate":204641.330616584,"standard_error":2346.8359935886206},"MedianAbsDev":{"confidence_interval":{"confidence_level":0.95,"lower_bound":11529.557401355743,"upper_bound":18452.142752408985},"point_estimate":14767.18170116346,"standard_error":1704.1082531176987},"Slope":{"confidence_interval":{"confidence_level":0.95,"lower_bound":203676.72462142457,"upper_bound":211755.67548166277},"point_estimate":207527.75865228314,"standard_error":2061.4464304192375},"StdDev":{"confidence_interval":{"confidence_level":0.95,"lower_bound":16505.919259150287,"upper_bound":24739.6414911331},"point_estimate":20786.36731024544,"standard_error":2097.1479302413804}}