{"Mean":{"confidence_interval":{"confidence_level":0.95,"lower_bound":248011.7635696803,"upper_bound":259056.34048538216},"point_estimate":252977.13470544372,"standard_error":2839.4554681231393},"Median":{"confidence_interval":{"confidence_level":0.95,"lower_bound":244345.0,"upper_bound":248826.08695652173},"point_estimate":246118.75,"standard_error":1110.1281818126836},"MedianAbsDev":{"confidence_interval":{"confidence_level":0.95,"lower_bound":5995.611226676814,"upper_bound":11655.385009911439},"point_estimate":8007.895734071379,"standard_error":1561.6042736130419},"Slope":{"confidence_interval":{"confidence_level":0.95,"lower_bound":248862.42367940993,"upper_bound":254567.41657600718},"point_estimate":251534.97051869365,"standard_error":1454.6763930779211},"StdDev":{"confidence_interval":{"confidence_level":0.95,"lower_bound":14097.042406504035,"upper_bound":40618.557481157804},"point_estimate":28544.81975029374,"standard_error":6756.215997902094}}