{"Mean":{"confidence_interval":{"confidence_level":0.95,"lower_bound":6924110.226191103,"upper_bound":7097439.405545448},"point_estimate":6995303.104182485,"standard_error":45278.39922686718},"Median":{"confidence_interval":{"confidence_level":0.95,"lower_bound":6866556.375642824,"upper_bound":6936098.969072165},"point_estimate":6890908.577103647,"standard_error":16051.593609639638},"MedianAbsDev":{"confidence_interval":{"confidence_level":0.95,"lower_bound":107260.50415358417,"upper_bound":203667.797253739},"point_estimate":147363.59794287858,"standard_error":24233.635296762215},"Slope":{"confidence_interval":{"confidence_level":0.95,"lower_bound":6939949.605229351,"upper_bound":7214870.547303886},"point_estimate":7044647.822668834,"standard_error":73648.59231098957},"StdDev":{"confidence_interval":{"confidence_level":0.95,"lower_bound":169723.30853101608,"upper_bound":731999.0835544424},"point_estimate":457441.647787001,"standard_error":178680.58798799603}}