{"Mean":{"confidence_interval":{"confidence_level":0.95,"lower_bound":13.198231980871503,"upper_bound":14.03577220545984},"point_estimate":13.613180623424391,"standard_error":0.21295923753290286},"Median":{"confidence_interval":{"confidence_level":0.95,"lower_bound":13.381380418384742,"upper_bound":14.125675301436967},"point_estimate":13.799070149831634,"standard_error":0.19381974608186614}}