{"Mean":{"confidence_interval":{"confidence_level":0.95,"lower_bound":202935.8063386615,"upper_bound":214905.3833714886},"point_estimate":208625.4680410874,"standard_error":3056.819031892866},"Median":{"confidence_interval":{"confidence_level":0.95,"lower_bound":195774.57207207207,"upper_bound":204126.03174603175},"point_estimate":199472.1052631579,"standard_error":2291.191746525632},"MedianAbsDev":{"confidence_interval":{"confidence_level":0.95,"lower_bound":11640.230070474317,"upper_bound":21491.967863347934},"point_estimate":15581.38442337513,"standard_error":2447.3394666282734},"Slope":{"confidence_interval":{"confidence_level":0.95,"lower_bound":200673.329282537,"upper_bound":215694.4817352714},"point_estimate":207432.3719225654,"standard_error":3864.93486407678},"StdDev":{"confidence_interval":{"confidence_level":0.95,"lower_bound":22105.319975104238,"upper_bound":38412.38369784244},"point_estimate":30731.81368049734,"standard_error":4176.96249689924}}