{"Mean":{"confidence_interval":{"confidence_level":0.95,"lower_bound":5609416.287531207,"upper_bound":5647175.049704536},"point_estimate":5626630.172644957,"standard_error":9678.550176700346},"Median":{"confidence_interval":{"confidence_level":0.95,"lower_bound":5598745.142857143,"upper_bound":5608169.19335512},"point_estimate":5602837.9484375,"standard_error":2360.4580083768383},"MedianAbsDev":{"confidence_interval":{"confidence_level":0.95,"lower_bound":15951.701452182471,"upper_bound":33335.7246014413},"point_estimate":24958.71022638969,"standard_error":4466.5515719533},"Slope":{"confidence_interval":{"confidence_level":0.95,"lower_bound":5608730.860486346,"upper_bound":5666609.423142052},"point_estimate":5633491.419834491,"standard_error":15008.123086000734},"StdDev":{"confidence_interval":{"confidence_level":0.95,"lower_bound":52045.607322412005,"upper_bound":133044.2735976113},"point_estimate":96909.93456492395,"standard_error":20604.905141290514}}