{"Mean":{"confidence_interval":{"confidence_level":0.95,"lower_bound":3904183.319984186,"upper_bound":4044514.242009837},"point_estimate":3969906.699672997,"standard_error":35936.06193990692},"Median":{"confidence_interval":{"confidence_level":0.95,"lower_bound":3829551.0971055087,"upper_bound":3908226.086956522},"point_estimate":3869799.055330634,"standard_error":21363.424462494346},"MedianAbsDev":{"confidence_interval":{"confidence_level":0.95,"lower_bound":115957.4977601887,"upper_bound":207784.5401616618},"point_estimate":169053.01181652292,"standard_error":24289.302444254223},"Slope":{"confidence_interval":{"confidence_level":0.95,"lower_bound":3851901.7106391788,"upper_bound":3934281.573359947},"point_estimate":3890182.9457662185,"standard_error":21041.69170667321},"StdDev":{"confidence_interval":{"confidence_level":0.95,"lower_bound":244144.75495901224,"upper_bound":462727.564290497},"point_estimate":361626.5762854314,"standard_error":56171.01607354979}}