{"Mean":{"confidence_interval":{"confidence_level":0.95,"lower_bound":68550193.31669986,"upper_bound":72592685.5479576},"point_estimate":70348274.08545944,"standard_error":1037691.3991283709},"Median":{"confidence_interval":{"confidence_level":0.95,"lower_bound":65972360.43956044,"upper_bound":68784371.00340137},"point_estimate":67160920.36199096,"standard_error":686357.6472041024},"MedianAbsDev":{"confidence_interval":{"confidence_level":0.95,"lower_bound":2219177.5680093407,"upper_bound":5822757.969989007},"point_estimate":3841532.2642890345,"standard_error":903165.4742287047},"Slope":{"confidence_interval":{"confidence_level":0.95,"lower_bound":68055414.94012599,"upper_bound":71464490.88829431},"point_estimate":69680551.42426482,"standard_error":869726.5695922981},"StdDev":{"confidence_interval":{"confidence_level":0.95,"lower_bound":5668789.409315131,"upper_bound":15501249.78964762},"point_estimate":10444278.21922365,"standard_error":2960941.8789934735}}