{"Mean":{"confidence_interval":{"confidence_level":0.95,"lower_bound":3616112.217578238,"upper_bound":3663892.288571906},"point_estimate":3639049.029285776,"standard_error":12194.378082902622},"Median":{"confidence_interval":{"confidence_level":0.95,"lower_bound":3603913.924050633,"upper_bound":3653020.512820513},"point_estimate":3632944.090909091,"standard_error":10225.758618713564},"MedianAbsDev":{"confidence_interval":{"confidence_level":0.95,"lower_bound":69365.1665610758,"upper_bound":110893.57018634335},"point_estimate":93650.74792867129,"standard_error":10289.08036940752},"Slope":{"confidence_interval":{"confidence_level":0.95,"lower_bound":3632997.798259088,"upper_bound":3678124.88531651},"point_estimate":3654929.2161962464,"standard_error":11515.285733637887},"StdDev":{"confidence_interval":{"confidence_level":0.95,"lower_bound":88764.41148699718,"upper_bound":157374.45672343354},"point_estimate":122391.97942837737,"standard_error":17921.613086371643}}