{"Mean":{"confidence_interval":{"confidence_level":0.95,"lower_bound":61570.83885330657,"upper_bound":61965.18125406987},"point_estimate":61753.72177400414,"standard_error":100.75465724075933},"Median":{"confidence_interval":{"confidence_level":0.95,"lower_bound":61373.47273724083,"upper_bound":61675.12847222222},"point_estimate":61491.455528846156,"standard_error":73.82388034035773},"MedianAbsDev":{"confidence_interval":{"confidence_level":0.95,"lower_bound":476.9712908970383,"upper_bound":832.9994061728473},"point_estimate":664.0866731823687,"standard_error":95.03788521068898},"Slope":{"confidence_interval":{"confidence_level":0.95,"lower_bound":61492.38766394807,"upper_bound":61845.089149545754},"point_estimate":61662.83893250333,"standard_error":90.19001427415},"StdDev":{"confidence_interval":{"confidence_level":0.95,"lower_bound":636.7867955042158,"upper_bound":1355.1944337349894},"point_estimate":1011.1342222221518,"standard_error":187.1948988765371}}