{"Mean":{"confidence_interval":{"confidence_level":0.95,"lower_bound":119.45451465602798,"upper_bound":127.60340930697355},"point_estimate":122.89798209299417,"standard_error":1.9986524163852701},"Median":{"confidence_interval":{"confidence_level":0.95,"lower_bound":116.16369221972583,"upper_bound":121.69512316613789},"point_estimate":118.61234345254165,"standard_error":1.3731780022796103}}