{"Mean":{"confidence_interval":{"confidence_level":0.95,"lower_bound":1810129.6000743478,"upper_bound":1870945.279423161},"point_estimate":1839502.8048426532,"standard_error":15540.66844861724},"Median":{"confidence_interval":{"confidence_level":0.95,"lower_bound":1763023.611111111,"upper_bound":1810182.0680803508},"point_estimate":1786293.9393939395,"standard_error":14140.187547312884},"MedianAbsDev":{"confidence_interval":{"confidence_level":0.95,"lower_bound":63376.506958333404,"upper_bound":122592.5119125004},"point_estimate":88262.84224633311,"standard_error":16346.267603704433},"Slope":{"confidence_interval":{"confidence_level":0.95,"lower_bound":1805068.7358779348,"upper_bound":1883927.4765632213},"point_estimate":1842510.5192847643,"standard_error":20235.063695090215},"StdDev":{"confidence_interval":{"confidence_level":0.95,"lower_bound":125477.50882251684,"upper_bound":182526.80186833345},"point_estimate":156245.1767827743,"standard_error":14596.249976228011}}