{"Mean":{"confidence_interval":{"confidence_level":0.95,"lower_bound":12643576.850074487,"upper_bound":13237839.753187228},"point_estimate":12913940.232522966,"standard_error":152507.4782757066},"Median":{"confidence_interval":{"confidence_level":0.95,"lower_bound":12320284.444444444,"upper_bound":12540905.274725273},"point_estimate":12419977.0,"standard_error":63592.236855329844},"MedianAbsDev":{"confidence_interval":{"confidence_level":0.95,"lower_bound":241182.82430400763,"upper_bound":494713.95921707153},"point_estimate":379390.31942601496,"standard_error":69244.99658408349},"Slope":{"confidence_interval":{"confidence_level":0.95,"lower_bound":12892147.720676728,"upper_bound":13915237.609028518},"point_estimate":13362249.893896852,"standard_error":262206.8021630569},"StdDev":{"confidence_interval":{"confidence_level":0.95,"lower_bound":833401.2822637956,"upper_bound":2094259.9912333232},"point_estimate":1531436.9717818692,"standard_error":320569.4400883824}}