{"Mean":{"confidence_interval":{"confidence_level":0.95,"lower_bound":1295311.1567733514,"upper_bound":1351164.7003195465},"point_estimate":1320664.5403984068,"standard_error":14212.47317884471},"Median":{"confidence_interval":{"confidence_level":0.95,"lower_bound":1266121.7391304348,"upper_bound":1295050.0},"point_estimate":1281515.789473684,"standard_error":7685.7659176667685},"MedianAbsDev":{"confidence_interval":{"confidence_level":0.95,"lower_bound":32843.12267833094,"upper_bound":63059.094005202256},"point_estimate":47674.17184776243,"standard_error":7508.583339956635},"Slope":{"confidence_interval":{"confidence_level":0.95,"lower_bound":1280031.2230166171,"upper_bound":1307413.1482449556},"point_estimate":1292399.4821929955,"standard_error":7026.411332570538},"StdDev":{"confidence_interval":{"confidence_level":0.95,"lower_bound":80583.54934831455,"upper_bound":196858.34504711215},"point_estimate":143089.46706450547,"standard_error":29745.845639647752}}