{"Mean":{"confidence_interval":{"confidence_level":0.95,"lower_bound":-0.9770119311256298,"upper_bound":-0.9765255238816908},"point_estimate":-0.9767985669359396,"standard_error":0.00012230796872922893},"Median":{"confidence_interval":{"confidence_level":0.95,"lower_bound":-0.9770968893070908,"upper_bound":-0.9768437637736276},"point_estimate":-0.9769645032558686,"standard_error":0.0000620750970569566}}