{"Mean":{"confidence_interval":{"confidence_level":0.95,"lower_bound":3946805.510626045,"upper_bound":4159503.465503419},"point_estimate":4042574.022742299,"standard_error":54734.27584522063},"Median":{"confidence_interval":{"confidence_level":0.95,"lower_bound":3848529.885057471,"upper_bound":3924625.0},"point_estimate":3876142.375,"standard_error":17414.596188138636},"MedianAbsDev":{"confidence_interval":{"confidence_level":0.95,"lower_bound":116962.95123834207,"upper_bound":250034.11489619993},"point_estimate":176543.28750209365,"standard_error":35347.810126156175},"Slope":{"confidence_interval":{"confidence_level":0.95,"lower_bound":3827436.2895384002,"upper_bound":4016927.0900437795},"point_estimate":3908339.881188119,"standard_error":48917.51918332333},"StdDev":{"confidence_interval":{"confidence_level":0.95,"lower_bound":287117.68761714426,"upper_bound":787384.3641494351},"point_estimate":549969.641867205,"standard_error":130706.99835094952}}