{"Mean":{"confidence_interval":{"confidence_level":0.95,"lower_bound":7461648.907486124,"upper_bound":7788406.536475179},"point_estimate":7617128.68809058,"standard_error":83669.10879747584},"Median":{"confidence_interval":{"confidence_level":0.95,"lower_bound":7248855.146406388,"upper_bound":7383007.333333334},"point_estimate":7311644.680851064,"standard_error":39408.12638085361},"MedianAbsDev":{"confidence_interval":{"confidence_level":0.95,"lower_bound":207637.29397685904,"upper_bound":419335.5667658321},"point_estimate":292527.4526591137,"standard_error":57032.132530114766},"Slope":{"confidence_interval":{"confidence_level":0.95,"lower_bound":7733471.578670896,"upper_bound":8326055.584002385},"point_estimate":8024060.0933944145,"standard_error":151692.52212399762},"StdDev":{"confidence_interval":{"confidence_level":0.95,"lower_bound":603733.6795558915,"upper_bound":1059214.5604880515},"point_estimate":844389.4305920694,"standard_error":116699.98972269385}}