{"Mean":{"confidence_interval":{"confidence_level":0.95,"lower_bound":7090.927877826168,"upper_bound":7224.722700292072},"point_estimate":7149.5398624760865,"standard_error":34.44136180817809},"Median":{"confidence_interval":{"confidence_level":0.95,"lower_bound":7024.162769784172,"upper_bound":7087.640287769784},"point_estimate":7059.818141866597,"standard_error":15.785717895550114},"MedianAbsDev":{"confidence_interval":{"confidence_level":0.95,"lower_bound":89.45501688743816,"upper_bound":153.55868426528642},"point_estimate":125.60204828282941,"standard_error":16.304927434217348},"Slope":{"confidence_interval":{"confidence_level":0.95,"lower_bound":7074.380228125687,"upper_bound":7309.7391224334315},"point_estimate":7169.703877258767,"standard_error":61.54874375220398},"StdDev":{"confidence_interval":{"confidence_level":0.95,"lower_bound":172.64447664664354,"upper_bound":522.0299028562592},"point_estimate":346.9981322165996,"standard_error":102.68845002465666}}