{"Mean":{"confidence_interval":{"confidence_level":0.95,"lower_bound":158495.78954090574,"upper_bound":162549.1861689523},"point_estimate":160458.04171210426,"standard_error":1039.5935896577944},"Median":{"confidence_interval":{"confidence_level":0.95,"lower_bound":154326.85714285713,"upper_bound":159243.5},"point_estimate":155406.85333333333,"standard_error":1224.2969847001118},"MedianAbsDev":{"confidence_interval":{"confidence_level":0.95,"lower_bound":4212.75155044127,"upper_bound":10015.219129108425},"point_estimate":5892.072920394784,"standard_error":1453.577096443283},"Slope":{"confidence_interval":{"confidence_level":0.95,"lower_bound":155880.81808379843,"upper_bound":158968.26707428656},"point_estimate":157293.39427220335,"standard_error":791.090250446051},"StdDev":{"confidence_interval":{"confidence_level":0.95,"lower_bound":8595.344497501801,"upper_bound":12147.139937554983},"point_estimate":10472.89279290509,"standard_error":908.7127929393482}}