{"Mean":{"confidence_interval":{"confidence_level":0.95,"lower_bound":137677.60953649378,"upper_bound":146024.86797872506},"point_estimate":141644.43676997864,"standard_error":2136.4940232269178},"Median":{"confidence_interval":{"confidence_level":0.95,"lower_bound":131409.8877583979,"upper_bound":135789.17727538777},"point_estimate":133945.9706959707,"standard_error":1213.3810468666502},"MedianAbsDev":{"confidence_interval":{"confidence_level":0.95,"lower_bound":6298.304187972008,"upper_bound":13016.657936485577},"point_estimate":9153.942715728774,"standard_error":1795.2970848801097},"Slope":{"confidence_interval":{"confidence_level":0.95,"lower_bound":135068.39592185663,"upper_bound":141270.55915370487},"point_estimate":137968.57263189004,"standard_error":1587.4380181890529},"StdDev":{"confidence_interval":{"confidence_level":0.95,"lower_bound":16142.067096409017,"upper_bound":26193.604029990867},"point_estimate":21480.413361931485,"standard_error":2572.1775230495887}}