{"Mean":{"confidence_interval":{"confidence_level":0.95,"lower_bound":2897223.4577971348,"upper_bound":2914236.3589289486},"point_estimate":2905119.7636912586,"standard_error":4347.914626337608},"Median":{"confidence_interval":{"confidence_level":0.95,"lower_bound":2889654.238888889,"upper_bound":2897136.734042553},"point_estimate":2893990.50861244,"standard_error":1756.1233342529988},"MedianAbsDev":{"confidence_interval":{"confidence_level":0.95,"lower_bound":12511.623916763081,"upper_bound":20998.365639792813},"point_estimate":17533.98667784791,"standard_error":2282.7248917568722},"Slope":{"confidence_interval":{"confidence_level":0.95,"lower_bound":2895005.373992483,"upper_bound":2912651.9439539853},"point_estimate":2902967.1820008866,"standard_error":4513.720816943498},"StdDev":{"confidence_interval":{"confidence_level":0.95,"lower_bound":28054.312935196212,"upper_bound":56343.42660388577},"point_estimate":43730.91812271968,"standard_error":7207.873703409782}}