{"Mean":{"confidence_interval":{"confidence_level":0.95,"lower_bound":72.86360332582676,"upper_bound":75.89871327287483},"point_estimate":74.33084462282929,"standard_error":0.7747187686095538},"Median":{"confidence_interval":{"confidence_level":0.95,"lower_bound":73.41540116672309,"upper_bound":75.60998425122546},"point_estimate":74.56450969796262,"standard_error":0.5255043120542681}}