{"Mean":{"confidence_interval":{"confidence_level":0.95,"lower_bound":200157.4316862263,"upper_bound":204930.35603432398},"point_estimate":202297.45883003614,"standard_error":1229.872145723093},"Median":{"confidence_interval":{"confidence_level":0.95,"lower_bound":198074.64647435897,"upper_bound":200753.20848974248},"point_estimate":198968.48428571428,"standard_error":794.3935755487499},"MedianAbsDev":{"confidence_interval":{"confidence_level":0.95,"lower_bound":3673.71713791072,"upper_bound":6568.681876239716},"point_estimate":4649.512050038942,"standard_error":742.0162881666175},"Slope":{"confidence_interval":{"confidence_level":0.95,"lower_bound":198939.0953133294,"upper_bound":201503.01837821587},"point_estimate":200110.23259878825,"standard_error":652.9426499168715},"StdDev":{"confidence_interval":{"confidence_level":0.95,"lower_bound":5941.7899590268025,"upper_bound":17755.009124626693},"point_estimate":12345.008453976685,"standard_error":3109.8063574988673}}