{"Mean":{"confidence_interval":{"confidence_level":0.95,"lower_bound":599051.3629473149,"upper_bound":605121.0910123538},"point_estimate":601968.6423051839,"standard_error":1550.7445940280493},"Median":{"confidence_interval":{"confidence_level":0.95,"lower_bound":595046.5,"upper_bound":601273.9705882353},"point_estimate":599303.6746621622,"standard_error":1578.3854090190264},"MedianAbsDev":{"confidence_interval":{"confidence_level":0.95,"lower_bound":9192.832714858643,"upper_bound":15323.545256344747},"point_estimate":11823.940794204816,"standard_error":1487.765398397409},"Slope":{"confidence_interval":{"confidence_level":0.95,"lower_bound":598982.3480319038,"upper_bound":607105.3730592829},"point_estimate":602810.9546948426,"standard_error":2083.3648786656663},"StdDev":{"confidence_interval":{"confidence_level":0.95,"lower_bound":11964.845793914774,"upper_bound":18726.805711865836},"point_estimate":15569.395194674318,"standard_error":1732.1651701519093}}