{"Mean":{"confidence_interval":{"confidence_level":0.95,"lower_bound":70224.85042850286,"upper_bound":70798.10197796255},"point_estimate":70482.18872402873,"standard_error":145.7661605022125},"Median":{"confidence_interval":{"confidence_level":0.95,"lower_bound":69860.25,"upper_bound":70283.33279220779},"point_estimate":70068.37188567924,"standard_error":110.8499014479043},"MedianAbsDev":{"confidence_interval":{"confidence_level":0.95,"lower_bound":446.54976605384866,"upper_bound":920.1688288631485},"point_estimate":708.6427412005827,"standard_error":128.44177151913001},"Slope":{"confidence_interval":{"confidence_level":0.95,"lower_bound":70133.92307416926,"upper_bound":70981.59179995091},"point_estimate":70485.03763051785,"standard_error":220.30572738660265},"StdDev":{"confidence_interval":{"confidence_level":0.95,"lower_bound":805.9671651115078,"upper_bound":2110.660593337003},"point_estimate":1461.4699406740024,"standard_error":353.6402904785501}}