{"Mean":{"confidence_interval":{"confidence_level":0.95,"lower_bound":33785.39201301433,"upper_bound":34751.60824717779},"point_estimate":34222.20584512023,"standard_error":248.3046041687893},"Median":{"confidence_interval":{"confidence_level":0.95,"lower_bound":33219.33062015504,"upper_bound":33808.31878787879},"point_estimate":33373.75333034647,"standard_error":128.6946234407674},"MedianAbsDev":{"confidence_interval":{"confidence_level":0.95,"lower_bound":633.4631405758172,"upper_bound":1199.3090601444574},"point_estimate":802.2870477457401,"standard_error":134.89845872671432},"Slope":{"confidence_interval":{"confidence_level":0.95,"lower_bound":33660.78807257672,"upper_bound":34595.5073076892},"point_estimate":34077.140726565194,"standard_error":240.39167830398048},"StdDev":{"confidence_interval":{"confidence_level":0.95,"lower_bound":1344.1671036921089,"upper_bound":3514.539746471261},"point_estimate":2489.320158668672,"standard_error":569.2687612975815}}