{"Mean":{"confidence_interval":{"confidence_level":0.95,"lower_bound":94386.87506375392,"upper_bound":98770.52823180851},"point_estimate":96415.56286941165,"standard_error":1125.6855357814163},"Median":{"confidence_interval":{"confidence_level":0.95,"lower_bound":91702.93306693307,"upper_bound":92746.03496503497},"point_estimate":92003.68810876623,"standard_error":238.91144882927603},"MedianAbsDev":{"confidence_interval":{"confidence_level":0.95,"lower_bound":892.3928789197014,"upper_bound":2192.275077815937},"point_estimate":1354.5032653178832,"standard_error":311.71404385538284},"Slope":{"confidence_interval":{"confidence_level":0.95,"lower_bound":95259.42302659928,"upper_bound":101307.68647773225},"point_estimate":97992.98390800275,"standard_error":1550.190736774417},"StdDev":{"confidence_interval":{"confidence_level":0.95,"lower_bound":7336.662810947171,"upper_bound":14823.283353518376},"point_estimate":11310.617470215717,"standard_error":1916.2183311477625}}