{"Mean":{"confidence_interval":{"confidence_level":0.95,"lower_bound":1196761.9721669941,"upper_bound":1209479.028659318},"point_estimate":1202415.9730750425,"standard_error":3267.2194373038133},"Median":{"confidence_interval":{"confidence_level":0.95,"lower_bound":1190574.6663135593,"upper_bound":1194193.162176724},"point_estimate":1192225.5385775862,"standard_error":915.0195405952193},"MedianAbsDev":{"confidence_interval":{"confidence_level":0.95,"lower_bound":5941.299952873029,"upper_bound":11490.21645239928},"point_estimate":8817.978116747116,"standard_error":1376.0368505125855},"Slope":{"confidence_interval":{"confidence_level":0.95,"lower_bound":1195150.7599796678,"upper_bound":1220956.4250648096},"point_estimate":1205430.1571538348,"standard_error":6835.224215846941},"StdDev":{"confidence_interval":{"confidence_level":0.95,"lower_bound":16222.607747023123,"upper_bound":48111.857395938925},"point_estimate":32768.39565431326,"standard_error":8452.846594034514}}