{"Mean":{"confidence_interval":{"confidence_level":0.95,"lower_bound":10078110.957809279,"upper_bound":10272445.439087857},"point_estimate":10166839.630470268,"standard_error":49790.38641189064},"Median":{"confidence_interval":{"confidence_level":0.95,"lower_bound":9995096.18819277,"upper_bound":10064896.376082253},"point_estimate":10040417.824277017,"standard_error":20231.85127937753},"MedianAbsDev":{"confidence_interval":{"confidence_level":0.95,"lower_bound":104104.31786736405,"upper_bound":190351.26217749974},"point_estimate":142412.83990191563,"standard_error":21466.265884706245},"Slope":{"confidence_interval":{"confidence_level":0.95,"lower_bound":10027761.740966868,"upper_bound":10138760.496606367},"point_estimate":10076997.223889463,"standard_error":28483.004662753567},"StdDev":{"confidence_interval":{"confidence_level":0.95,"lower_bound":275821.4593627677,"upper_bound":682643.1037362893},"point_estimate":500771.8998453556,"standard_error":103135.30321123402}}