{"Mean":{"confidence_interval":{"confidence_level":0.95,"lower_bound":1342295.458767048,"upper_bound":1803366.2381949562},"point_estimate":1560889.592049301,"standard_error":118096.09796900577},"Median":{"confidence_interval":{"confidence_level":0.95,"lower_bound":964152.0408163265,"upper_bound":1198592.3076923077},"point_estimate":1026680.303030303,"standard_error":56424.438896634776},"MedianAbsDev":{"confidence_interval":{"confidence_level":0.95,"lower_bound":120229.20800943342,"upper_bound":418636.81627013825},"point_estimate":220831.87948726208,"standard_error":70346.18601475468},"Slope":{"confidence_interval":{"confidence_level":0.95,"lower_bound":1030816.8385978568,"upper_bound":1122543.9783464598},"point_estimate":1074544.2456036648,"standard_error":23333.650105123746},"StdDev":{"confidence_interval":{"confidence_level":0.95,"lower_bound":859309.7228547892,"upper_bound":1459554.8040331271},"point_estimate":1190725.3443442676,"standard_error":153296.7186427637}}