{"Mean":{"confidence_interval":{"confidence_level":0.95,"lower_bound":-0.9961557643381382,"upper_bound":-0.9961171092862477},"point_estimate":-0.9961371226934269,"standard_error":9.914656617062279e-6},"Median":{"confidence_interval":{"confidence_level":0.95,"lower_bound":-0.9961657162861991,"upper_bound":-0.9961376215008878},"point_estimate":-0.9961519900813628,"standard_error":7.163484434346804e-6}}