{"Mean":{"confidence_interval":{"confidence_level":0.95,"lower_bound":101.1284169064577,"upper_bound":107.50611975421243},"point_estimate":103.9399499470625,"standard_error":1.6302222459455795},"Median":{"confidence_interval":{"confidence_level":0.95,"lower_bound":99.4855343676612,"upper_bound":102.25192477137993},"point_estimate":100.75087154142328,"standard_error":0.6827611334342271}}