{"Mean":{"confidence_interval":{"confidence_level":0.95,"lower_bound":13824.310847952129,"upper_bound":13917.328159186824},"point_estimate":13867.956877381843,"standard_error":23.866955787522674},"Median":{"confidence_interval":{"confidence_level":0.95,"lower_bound":13760.445207220951,"upper_bound":13816.844468009898},"point_estimate":13780.19868744172,"standard_error":13.08340318481049},"MedianAbsDev":{"confidence_interval":{"confidence_level":0.95,"lower_bound":67.82405973476027,"upper_bound":140.5926956420292},"point_estimate":93.0564801441394,"standard_error":18.63637793741026},"Slope":{"confidence_interval":{"confidence_level":0.95,"lower_bound":13808.598140759097,"upper_bound":13883.695068657782},"point_estimate":13844.386872396519,"standard_error":19.21730370987439},"StdDev":{"confidence_interval":{"confidence_level":0.95,"lower_bound":160.71042044579374,"upper_bound":308.4026245344258},"point_estimate":239.40235057452418,"standard_error":37.966188486994156}}